{
  "project_info": {
    "project_number": "599653750881",
    "project_id": "final-lab12",
    "storage_bucket": "final-lab12.appspot.com"
  },
  "client": [
    {
      "client_info": {
        "mobilesdk_app_id": "1:599653750881:android:0c430142f8b93e8e6b3220",
        "android_client_info": {
          "package_name": "com.example.final_lab12"
        }
      },
      "oauth_client": [],
      "api_key": [
        {
          "current_key": "AIzaSyDexrjwALyVB-lY0R3js-nkFkQm8CJBCjs"
        }
      ],
      "services": {
        "appinvite_service": {
          "other_platform_oauth_client": []
        }
      }
    }
  ],
  "configuration_version": "1"
}